set,x,y
1,1275,1736.24595407
2,1275,209.813616559
3,1275,881.071999936
4,1275,1512.37177579
5,1275,-27.2481618013
6,1275,313.80156732
7,1275,-496.075442627
8,1275,1249.79054806
9,1275,-562.657161538
10,1275,290.527195296
11,5050,4056.9115114
12,5050,3829.80611031
13,5050,-1353.86119798
14,5050,4593.19012949
15,5050,1704.1784061
16,5050,-4497.8004339
17,5050,2726.38063075
18,5050,-4701.40632554
19,5050,-1983.17702538
20,5050,4204.63349663
